Student,Image Name,Canny Edge,Sobel Edge,HOG Features,Endpoints,Thickness,Curvature,Percentage Black Pixels,Percentage White Pixels,Line Irregularity,LBP Mean
student_11,w0011_s01_pLND_r01.png,1.954612251035018,228.31382888808037,0.018168204517441035,77422,683.0939,0.5625308726092652,0.0,100.0,362.653246544245,0.01817060471888466
student_11,w0011_s01_pLND_r02.png,1.7853340372038167,208.69891895850972,0.017239553284192903,77259,469.43713,0.5671009398533264,0.0,100.0,347.33063533085306,0.017242063322198464
student_11,w0011_s01_pLND_r03.png,1.8702639437319104,217.95704169702122,0.01759170668091497,74389,737.8962,0.5580244469991571,0.0,100.0,412.6115086723186,0.01759417506784962
student_11,w0011_s01_pWOZ_r01.png,1.5136901292934297,177.13495283546268,0.01380137252488432,69528,386.0943,0.575596454625511,0.0,100.0,427.71482581531154,0.01380428921496808
student_11,w0011_s01_pWOZ_r02.png,1.4621082235700091,170.82627311143523,0.013290523139621311,61386,920.60986,0.5760850293246482,0.0,100.0,487.91218387018694,0.01329348333718769
student_11,w0011_s01_pWOZ_r03.png,1.489056053819285,174.35959782204097,0.013681763301704881,61822,549.6907,0.5715889738799996,0.0,100.0,515.8953650515391,0.01368469413861296
student_11,w0011_s01_pPHR_r01.png,0.27508572122286673,32.16662513747919,0.0025637543264153432,20862,1043.7391,0.5408801654709702,0.0,100.0,955.9949006140148,0.002568000149873502
student_11,w0011_s01_pPHR_r03.png,0.291176184110412,33.967687664434614,0.0027324377379195387,20310,1288.9156,0.5524602317616728,0.0,100.0,1032.5546184100867,0.002736663610285929
student_11,w0011_s01_pPHR_r02.png,0.29449424267165764,34.41256299292508,0.002781196051567303,27568,485.5022,0.550554586421451,0.0,100.0,957.7279827220717,0.0027854161570264355
student_29,w0029_s01_pPHR_r01.png,0.5864136077804899,70.9965168683498,0.005075473409789826,28558,1225.545,0.52854016706967,0.0,100.0,756.1720769771918,0.005079399725325896
student_29,w0029_s01_pPHR_r03.png,0.5470757381765412,66.21646335964405,0.004620519949448768,26729,742.53394,0.5498977821639598,0.0,100.0,844.9996671596978,0.0046245225082057586
student_29,w0029_s01_pPHR_r02.png,0.5959590683807617,72.3935420588343,0.005193592694617999,27108,584.1379,0.5343512353966605,0.0,100.0,1086.6379341804702,0.0051975274729878914
student_29,w0029_s01_pWOZ_r01.png,2.963283569317131,358.35358397429997,0.025417124022612987,78921,413.4465,0.5527417061062628,0.0,100.0,552.093596089445,0.02541866685546903
student_29,w0029_s01_pWOZ_r02.png,2.9178922654256167,351.87517077572727,0.025649980401461783,80543,481.92572,0.541114520151728,0.0,100.0,435.9760978479633,0.025651495693145034
student_29,w0029_s01_pWOZ_r03.png,2.9832687729939282,363.7436143243867,0.025467380572062822,74106,772.56757,0.5647657549885607,0.0,100.0,680.5666641667075,0.025468917460807223
student_29,w0029_s01_pLND_r01.png,3.4320511125350475,412.65958730944647,0.03062797137214749,89637,519.3882,0.5252001418657875,0.0,100.0,360.23457288272596,0.030628897890140467
student_29,w0029_s01_pLND_r02.png,3.522845663131933,427.61852873807027,0.030750209372966138,95580,328.29953,0.534505636946164,0.0,100.0,305.021958327148,0.030751121433215168
student_29,w0029_s01_pLND_r03.png,3.5743010570927902,434.10079682246555,0.03135473440806553,88283,629.52826,0.5364145295385943,0.0,100.0,420.95330156534635,0.03135557019254997
student_16,w0016_s01_pPHR_r01.png,0.3217177627586997,38.593049124979366,0.0029286664716041515,21837,1293.8486,0.49652520738675665,0.0,100.0,965.2300963443323,0.0029328691349457866
student_16,w0016_s01_pPHR_r02.png,0.3364363810563105,40.32418513132861,0.0030447685357044506,23234,642.346,0.46550241915030766,0.0,100.0,864.1760526651963,0.0030489574670322815
student_16,w0016_s01_pPHR_r03.png,0.32254480070923613,38.686851431911045,0.0029121489326196376,20606,1219.1774,0.4609076449599109,0.0,100.0,1043.7312680953846,0.002916353549579196
student_16,w0016_s01_pWOZ_r01.png,1.487614987166126,177.61548270913383,0.014069327921884613,57509,733.1586,0.4870431695701703,0.0,100.0,570.8617657152698,0.014072212919446462
student_16,w0016_s01_pWOZ_r03.png,1.5309959639173192,183.57707462045676,0.014212927287884694,58581,544.76807,0.48639441249028686,0.0,100.0,546.549813797368,0.014215795301179368
student_16,w0016_s01_pWOZ_r02.png,1.4900112300114101,178.76909531707898,0.014142520051103431,54027,662.15106,0.48769537055190093,0.0,100.0,549.9850768658059,0.014145380050916492
student_16,w0016_s01_pLND_r01.png,1.8422167026000091,221.22318611793983,0.017303301321681164,63409,942.0662,0.46032621712865407,0.0,100.0,602.6968189905284,0.01730580381986444
student_16,w0016_s01_pLND_r03.png,1.959877710023851,234.98193717513496,0.018644795130294895,71869,341.68005,0.47233838246688686,0.0,100.0,568.9404626144989,0.01864713896281067
student_16,w0016_s01_pLND_r02.png,1.9768755685962567,236.69012151660507,0.01808001808863667,67678,599.6372,0.47308298740817417,0.0,100.0,499.0571356982665,0.018082428720362198
student_20,w0020_s01_pLND_r01.png,3.3508027589584617,394.75643952429766,0.027204723095667457,79983,647.2985,0.5089527504882688,0.0,100.0,366.2843136144381,0.0272060544995938
student_20,w0020_s01_pLND_r03.png,3.5042908417091594,412.1446073483279,0.028644025780934657,88707,516.36206,0.5376171387590323,0.0,100.0,228.5839480355088,0.028645186950813088
student_20,w0020_s01_pLND_r02.png,3.649694294519133,429.8936846970691,0.029792158357399894,93627,286.02844,0.5320070395894833,0.0,100.0,281.9219888292985,0.02979318373148079
student_20,w0020_s01_pPHR_r01.png,0.592243791283279,69.62043017275967,0.004643650337447197,25730,783.0211,0.5312417709095678,0.0,100.0,942.1078170193096,0.004647650160449146
student_20,w0020_s01_pPHR_r02.png,0.6670951189495418,79.02508569453242,0.005280831302771973,27354,787.8033,0.5337946540782306,0.0,100.0,1048.455173099928,0.0052847557629637975
student_20,w0020_s01_pPHR_r03.png,0.628132438847724,73.40558095431042,0.004985802920793684,25710,872.16644,0.5363325001072623,0.0,100.0,594.7661173730394,0.004989762275574553
student_20,w0020_s01_pWOZ_r01.png,2.966129321663884,350.353746825768,0.02373866957506979,70271,724.89966,0.5463339014566563,0.0,100.0,380.170364669367,0.023740410927735302
student_20,w0020_s01_pWOZ_r03.png,3.0666076250848264,360.57363371222164,0.024418080893514355,78327,676.21265,0.5610781390206457,0.0,100.0,304.17479164361896,0.024419741888559384
student_20,w0020_s01_pWOZ_r02.png,3.1966460365409195,377.39683595306934,0.025810566689537993,80756,446.80856,0.5487713080070097,0.0,100.0,328.1133616926994,0.025812062987819687
student_18,w0018_s01_pWOZ_r01.png,2.6468450652626716,314.3317253167329,0.023935497683889573,77655,498.5625,0.49484281556448984,0.0,100.0,579.9036471690794,0.023937215756639013
student_18,w0018_s01_pWOZ_r03.png,2.626526293330263,314.9776845332119,0.024455926578795476,79507,407.03113,0.48555069783370863,0.0,100.0,389.1632401704971,0.02445758309762833
student_18,w0018_s01_pWOZ_r02.png,2.58477739034737,309.84146512187584,0.023935955083246745,76355,713.0185,0.4891565556348942,0.0,100.0,517.6381500989565,0.023937673101897112
student_18,w0018_s01_pPHR_r01.png,0.5362151963942753,63.7101220433897,0.004844509306109801,23058,1206.7743,0.4760196690555877,0.0,100.0,1092.280727423129,0.004848462783815091
student_18,w0018_s01_pPHR_r02.png,0.564849139688321,67.57219847298005,0.00529080927253935,29481,638.82605,0.4829983246215225,0.0,100.0,1104.931304425755,0.005294732552583175
student_18,w0018_s01_pPHR_r03.png,0.5296893990832876,63.444493611844344,0.005002485203080784,23667,988.9154,0.4690550452090998,0.0,100.0,946.8181803634036,0.005006442584758656
student_18,w0018_s01_pLND_r01.png,3.1627369555386373,374.70577901161704,0.028685660065831054,85512,558.3656,0.49149403197341796,0.0,100.0,306.1348214249547,0.028686816311399313
student_18,w0018_s01_pLND_r03.png,3.2648881071596456,389.2118492108821,0.029784935957824492,93583,406.05496,0.4862983809029474,0.0,100.0,255.9642449008076,0.029785962186137323
student_18,w0018_s01_pLND_r02.png,3.2004138972869205,381.076423128206,0.029022248330073913,94036,524.8453,0.49552038068923315,0.0,100.0,275.9605213909975,0.029023358422905612
student_27,w0027_s01_pWOZ_r01.png,2.2795015285627076,263.64871042219335,0.01957083758745391,80902,443.98566,0.5255028578101596,0.0,100.0,220.40179833770858,0.019573071891961686
student_27,w0027_s01_pWOZ_r02.png,2.3544852017475937,271.092938911202,0.02031798095038977,78807,530.99396,0.5230810691801364,0.0,100.0,251.06084795324023,0.020320126886244898
student_27,w0027_s01_pWOZ_r03.png,2.3631643765023376,270.1164816393436,0.019925106207118473,83708,341.6964,0.5084491893837019,0.0,100.0,210.84195502793082,0.019927298610376572
student_27,w0027_s01_pPHR_r01.png,0.42062552098859435,48.57247223250081,0.0036625216854577953,22012,1120.8923,0.5132758959759043,0.0,100.0,844.44156163728,0.003666637551807445
student_27,w0027_s01_pPHR_r03.png,0.4481521882850721,51.605291996752506,0.0037293956588287285,23932,1087.0228,0.508271563127294,0.0,100.0,692.9162710441183,0.0037335036156348864
student_27,w0027_s01_pPHR_r02.png,0.4453204744442557,51.36451254604201,0.003798350641175258,26258,619.89545,0.49206818368514316,0.0,100.0,622.2672665506424,0.0038024504423058315
student_27,w0027_s01_pLND_r01.png,2.748830705890901,321.11647277623086,0.024235591136595774,97956,280.5377,0.4963639637333823,7.9399999999999995,92.06,203.19010590591506,0.02423727371568309
student_27,w0027_s01_pLND_r02.png,2.935050412946611,340.2527472695454,0.025634430973452697,103874,221.59912,0.5071060373581339,12.21,87.79,143.6919525656982,0.025635948104250194
student_27,w0027_s01_pLND_r03.png,2.898587099679419,334.5485190639897,0.024821196899686506,101609,296.4614,0.50350470244516,5.4,94.6,150.00307441084752,0.02482281021603948
student_42,w0042_s01_pWOZ_r01.png,2.012529884931175,231.57014369630483,0.017622840354416254,87344,478.74475,0.5037563523081425,0.0,100.0,328.1162451348014,0.0176247241767826
student_42,w0042_s01_pWOZ_r02.png,2.5204415954415955,294.6365025297109,0.022996423955091203,89936,443.23984,0.5243066815413061,0.0,100.0,186.84233915655344,0.022998230091738167
student_42,w0042_s01_pWOZ_r03.png,2.8655658477648007,332.6953480405486,0.026010519618238043,87843,316.01703,0.5409650328946692,0.03,99.97,147.4049787324093,0.026012161349851473
student_42,w0042_s01_pPHR_r01.png,0.49371652981078185,57.31725177134881,0.00436741517922121,27802,659.41016,0.5314947576303103,0.0,100.0,358.930421530413,0.004371396956755462
student_42,w0042_s01_pPHR_r03.png,0.5261065573770491,61.18173718097645,0.004722104346203772,23469,990.3302,0.5357200979580911,0.0,100.0,526.0826782693002,0.004726640858004975
student_42,w0042_s01_pPHR_r02.png,0.46749644381223326,54.169424902482945,0.00425419801832107,25326,1116.3989,0.5157408144906667,0.0,100.0,572.1795759444999,0.004258193018238077
student_42,w0042_s01_pLND_r01.png,2.9635357142857144,345.1997479564812,0.02658921654952573,96739,463.94696,0.5285338359839777,0.0,100.0,166.9732800947946,0.026590603091842045
student_42,w0042_s01_pLND_r02.png,3.2141591979604374,377.22194828214504,0.02950071668288377,95104,333.32132,0.5112806833953187,0.0,100.0,176.09963882616586,0.029501883304648993
student_42,w0042_s01_pLND_r03.png,3.0060185185185184,348.444461376328,0.027238881648833542,103268,339.25497,0.5252036750194552,2.4,97.6,121.09551718592029,0.0272401923181944
student_26,w0026_s01_pWOZ_r01.png,1.5372118428450219,184.1118602726004,0.015295262050508249,73580,707.3523,0.5441747306514844,0.0,100.0,347.5311400915511,0.015298002050265724
student_26,w0026_s01_pWOZ_r03.png,1.4339230181775575,170.93302449244356,0.014137157350631533,67770,759.82556,0.5507762550996258,0.0,100.0,459.1711803233149,0.014140034325643059
student_26,w0026_s01_pWOZ_r02.png,1.47421389480184,176.02912751547842,0.014218222895876376,69945,730.08997,0.5496224791447077,0.0,100.0,384.32012905909573,0.01422109028283109
student_26,w0026_s01_pPHR_r01.png,0.3350865979777786,40.19570819869771,0.003225028673939635,24382,1124.9521,0.5280582625145032,0.0,100.0,691.4849633545581,0.0032291962849341376
student_26,w0026_s01_pPHR_r02.png,0.3071265848525397,36.82219276223765,0.0029058901159404443,23264,1194.0787,0.5275978700924604,0.0,100.0,990.9462952148315,0.002910095473163819
student_26,w0026_s01_pPHR_r03.png,0.29042025632374885,34.41734317981252,0.0028253455921663684,23338,1182.0763,0.535825874534525,0.0,100.0,810.6429161474243,0.0028295604758225494
student_26,w0026_s01_pLND_r01.png,1.8473340482106124,220.5085660614072,0.018314284782524313,83515,655.4309,0.5359928222714304,0.0,100.0,288.16478942708494,0.018316667706271522
student_26,w0026_s01_pLND_r03.png,1.9647435729971479,234.5308439818461,0.019146186291718926,86979,508.4238,0.5259826110001011,0.0,100.0,326.79070879163277,0.019148470822012955
student_26,w0026_s01_pLND_r02.png,1.9134002236072911,228.0189057871089,0.018701654152131795,85243,603.92816,0.5288153203826497,0.0,100.0,316.64949358196407,0.018703991259626105
student_28,w0028_s01_pPHR_r01.png,0.40542897505140385,49.54325329444595,0.003662230538404721,26782,1214.933,0.4981814460785487,0.0,100.0,722.2621487868847,0.003666346439189894
student_28,w0028_s01_pPHR_r02.png,0.44613769855059743,54.45303343491372,0.004045777211012075,23328,1206.3403,0.49165960793085256,0.0,100.0,823.9189508076629,0.004049847747675226
student_28,w0028_s01_pPHR_r03.png,0.4049610582627973,49.2864331181346,0.003756258256614613,25691,1248.5889,0.49169673141430453,0.0,100.0,806.3955467249169,0.0037603630362372602
student_28,w0028_s01_pWOZ_r01.png,2.4116672882684065,293.1278581288687,0.021692648643435494,74805,705.2686,0.5224675989650802,0.0,100.0,544.6154758441277,0.02169463198996989
student_28,w0028_s01_pWOZ_r03.png,2.2409547849275193,271.8096600877293,0.020209288877518362,66177,577.893,0.5181158699370266,0.0,100.0,457.1057934124125,0.020211447668967895
student_28,w0028_s01_pWOZ_r02.png,2.3986925631036073,292.2487143968949,0.02169630848814509,70041,585.9748,0.5281391501263004,0.0,100.0,693.3568154055945,0.021698291401810028
student_28,w0028_s01_pLND_r01.png,2.935475293602509,356.1250487315052,0.026588435947529333,82404,583.5734,0.505026585129297,0.0,100.0,339.4035426935014,0.02658983226502856
student_28,w0028_s01_pLND_r03.png,3.0064068018611647,363.90337214859466,0.02672939020168246,78205,705.4603,0.5197366518097757,0.0,100.0,425.6297070224305,0.0267307778257795
student_28,w0028_s01_pLND_r02.png,2.895450923323527,350.720002543509,0.025897443737101657,81280,651.36334,0.5215817861059581,0.0,100.0,353.96626731935913,0.025898929759968995
student_17,w0017_s01_pPHR_r01.png,0.29019956113749523,34.15358754560164,0.0026051840912605984,25488,919.94934,0.5968796881461552,0.0,100.0,952.0019747878678,0.0026094250145982712
student_17,w0017_s01_pPHR_r03.png,0.2701181957676514,31.826614247396535,0.00253289069043966,25292,764.3098,0.6022648976282291,0.0,100.0,914.2489935582222,0.0025371401643055746
student_17,w0017_s01_pPHR_r02.png,0.2863750694565213,33.756827848396895,0.0025807159776802466,27040,533.0818,0.6099693038168283,0.0,100.0,802.2415082130817,0.002584959794992941
student_17,w0017_s01_pWOZ_r01.png,3.5720333811369116,422.5117843907062,0.03305712650954912,156037,83.95595,0.5867526717197953,0.0,100.0,42.52493478143088,0.033057765718335845
student_17,w0017_s01_pWOZ_r02.png,1.417544070575575,167.2012617801011,0.013437390205137744,75021,287.5177,0.6186531250140163,0.0,100.0,290.2928119445376,0.013440349945362588
student_17,w0017_s01_pWOZ_r03.png,1.418192520902709,167.63553825899768,0.013294479653353689,73383,429.6272,0.6227657708399512,0.0,100.0,320.78065079041477,0.013297456296375956
student_17,w0017_s01_pLND_r01.png,1.8091429428696386,212.8883408725048,0.016766005496796122,89448,320.4159,0.5968046078575396,0.0,100.0,194.7418219904057,0.016768571543838255
student_17,w0017_s01_pLND_r02.png,1.8266455016297267,215.47094300099414,0.017010258398507755,89911,337.49042,0.5868260529511996,0.0,100.0,240.0677254234853,0.01701279555644921
student_17,w0017_s01_pLND_r03.png,1.8150886063651304,213.49366864285201,0.01680356605113196,86318,548.83307,0.5983871898037945,0.0,100.0,288.9594739649888,0.01680612765568588
student_10,w0010_s01_pLND_r01.png,2.595412616524748,309.4746714477576,0.024644667873203296,102515,397.55154,0.5780753647817162,0.0,100.0,184.67031534554351,0.024646302068591
student_10,w0010_s01_pLND_r03.png,2.8173068643324894,334.33591920657005,0.026164346448916086,101654,425.71548,0.5841901588577005,0.0,100.0,152.24332321990497,0.026165800903768233
student_10,w0010_s01_pLND_r02.png,2.823678255677222,336.55534633675927,0.025748302494499782,99846,436.3442,0.5944005798963963,0.0,100.0,190.27740808635488,0.025749806157101762
student_10,w0010_s01_pWOZ_r01.png,2.191842524925101,262.38158767276764,0.020232385398982762,85904,552.7848,0.6126528079886465,0.0,100.0,243.6740735787125,0.020234541458682826
student_10,w0010_s01_pWOZ_r03.png,2.24502651579454,267.6850078828849,0.021113557989031445,86715,527.9077,0.6028130018666591,0.0,100.0,204.4683881276326,0.021115609827723345
student_10,w0010_s01_pWOZ_r02.png,2.1612239241652174,257.0922740046101,0.020312855784568654,86245,377.30734,0.608371976567497,0.0,100.0,228.22549901358525,0.020315002326604634
student_10,w0010_s01_pPHR_r01.png,0.48227523147480456,57.75038336478178,0.0043601563419433794,27062,862.9954,0.6020949118347196,0.0,100.0,992.5173247858196,0.004364189695300623
student_10,w0010_s01_pPHR_r02.png,0.4547627040649367,53.13720208068219,0.004084410318425576,25686,668.0199,0.5466021339022834,0.0,100.0,939.7286842488102,0.004088476285743914
student_10,w0010_s01_pPHR_r03.png,0.41568434541526733,49.739184367336286,0.003949719667234197,24840,1164.0165,0.5521166435503815,0.0,100.0,933.5156518356949,0.0039538015651382295
student_43,w0043_s01_pWOZ_r01.png,1.6129135559384915,195.8815218055514,0.015299982585149606,68373,740.6531,0.5356059639241394,0.0,100.0,387.42615559828516,0.01530270646340648
student_43,w0043_s01_pWOZ_r03.png,1.725239143400274,209.1730580791569,0.01586718697958233,65389,826.1741,0.5558109602802881,0.0,100.0,456.1317682424674,0.01586985933471107
student_43,w0043_s01_pWOZ_r02.png,1.6928727842407154,206.3686750042347,0.01588736370936,63900,764.6664,0.5396035072864948,0.0,100.0,415.1296222937905,0.0158900336780787
student_43,w0043_s01_pPHR_r01.png,0.3510914159437373,42.268719210881976,0.0032245876446826186,20764,1205.9258,0.5050052661439784,0.0,100.0,1071.5610983513725,0.0032287553078400168
student_43,w0043_s01_pPHR_r02.png,0.3656530693773724,44.5588361791688,0.003466824491979371,20294,1189.5797,0.5161960747451815,0.0,100.0,1068.8861901530959,0.0034709635044856647
student_43,w0043_s01_pPHR_r03.png,0.3505562165121899,42.420014929902585,0.0032485010413148326,20305,1219.0836,0.5371208820491272,0.0,100.0,725.5122784045095,0.003252665876106558
student_43,w0043_s01_pLND_r01.png,2.143032713242947,260.879115152421,0.020548534909642674,79776,658.3691,0.5196255214874264,0.0,100.0,489.4853111406768,0.020550653576644526
student_43,w0043_s01_pLND_r03.png,2.3462699647745264,285.01090729635104,0.02164660328769381,81278,631.531,0.5306651336303888,0.0,100.0,370.24526689203554,0.021648592080259384
student_43,w0043_s01_pLND_r02.png,2.1700463708680946,263.599881506235,0.020658355907472354,80004,689.0756,0.5243603677187196,0.0,100.0,384.6440477613827,0.02066044962268393
student_4,w0004_s01_pLND_r02.png,3.696519647478958,444.63085000274106,0.03390429128275876,119882,151.80025,0.5057790932927942,7.28,92.72,83.46376829070175,0.03390483029282421
student_4,w0004_s01_pLND_r03.png,4.568527639520771,553.2037831417083,0.04114299871247074,137759,65.70901,0.4946517128937104,8.27,91.73,45.12544293411423,0.04114268156178554
student_4,w0004_s01_pLND_r01.png,3.8688205418721715,472.8888135172838,0.03675406386595912,117510,288.65768,0.4823213255545925,2.04,97.96000000000001,168.60127662229624,0.036754265818137136
student_4,w0004_s01_pWOZ_r02.png,3.118371635706871,373.0251368582557,0.028083697224989893,103420,229.58368,0.5314534912849674,5.2,94.8,150.75486837606232,0.028084917694644364
student_4,w0004_s01_pWOZ_r03.png,4.00617183239882,479.43491589053167,0.03522786195089617,111156,145.5631,0.5089414874229955,0.76,99.24,73.6062918192728,0.03522824441516007
student_4,w0004_s01_pWOZ_r01.png,2.636632944482134,318.6185502272142,0.023985264407196054,96545,342.377,0.5667206931563816,2.01,97.99,159.7243112965172,0.023986976593768222
student_4,w0004_s01_pPHR_r03.png,0.7482678925193382,91.0587759956405,0.006648785972192348,30087,921.5946,0.5322658826485982,0.0,100.0,412.10603744021336,0.006652548637048748
student_4,w0004_s01_pPHR_r02.png,0.7654842505802567,93.18051520471722,0.0068093145442492545,32007,872.61255,0.5123501158460696,0.0,100.0,688.9795783439448,0.006813058222530484
student_4,w0004_s01_pPHR_r01.png,0.7172151793495913,87.95499471260396,0.006830806246552132,35041,636.5893,0.485495165371187,0.0,100.0,629.4352972215888,0.006834547382894465
student_3,w0003_s01_pPHR_r02.png,0.4315795680437949,50.29635899624718,0.003930331947427023,23992,986.57837,0.5883974671873712,0.0,100.0,760.9222102159985,0.003934416138420658
student_3,w0003_s01_pPHR_r03.png,0.44240682675201143,51.99535548947795,0.004179815327938241,24227,1020.4771,0.5362520612212599,0.0,100.0,879.6217415248814,0.004183870011194424
student_3,w0003_s01_pPHR_r01.png,0.43016800562706514,49.7948020613786,0.003978181641715969,26336,624.9344,0.5724743021867537,0.0,100.0,918.6118906020951,0.003982260173269632
student_3,w0003_s01_pWOZ_r03.png,2.1191571171998738,247.50407081046222,0.019668980937830885,75567,705.3392,0.5403984880567283,0.0,100.0,352.3088311199944,0.019671203634398244
student_3,w0003_s01_pWOZ_r02.png,2.074931302777057,242.66006311775806,0.019038191061381667,78848,382.54205,0.5594260919471679,0.0,100.0,289.6406836471402,0.019040488364850793
student_3,w0003_s01_pWOZ_r01.png,2.2203021144281943,258.75271725029995,0.02048465384518039,79205,650.2877,0.5558134834278795,0.0,100.0,246.8809490399099,0.020486780067738346
student_3,w0003_s01_pLND_r03.png,2.585596999439583,302.60735014515,0.023904098747510122,90073,510.68842,0.5157421212530323,0.0,100.0,202.15287051030356,0.02390582053398017
student_3,w0003_s01_pLND_r02.png,2.7262012965158835,320.0572142572075,0.025266256314596978,93489,503.2893,0.5313652380676053,0.0,100.0,217.92277652059985,0.025267816991385986
student_3,w0003_s01_pLND_r01.png,2.5689665881329926,300.294666019334,0.023778654318386213,87281,554.2836,0.532391392785302,0.0,100.0,216.964218674178,0.023780390941841683
student_2,w0002_s01_pPHR_r03.png,0.1802864473275129,21.511131559687968,0.0019849076868395277,22825,767.86414,0.5018431279765792,0.0,100.0,1070.2380576301705,0.0019892219735942436
student_2,w0002_s01_pPHR_r02.png,0.19444538219382718,23.50104567547086,0.0021215544318357025,20153,1137.5918,0.5060201727258034,0.0,100.0,1122.0,0.00212582813835533
student_2,w0002_s01_pPHR_r01.png,0.1900913155490952,22.66523735289954,0.0020755964331550495,24569,587.8694,0.5123974035376747,0.0,100.0,1164.457241235876,0.0020798999936653528
student_2,w0002_s01_pWOZ_r02.png,0.7903423177559775,94.56108972538235,0.008757735432036338,46990,1035.5101,0.5253537499806947,0.0,100.0,780.68550606182,0.008761248660129317
student_2,w0002_s01_pWOZ_r03.png,0.8157134409509198,98.01734796547845,0.008872229763420898,48941,1001.14386,0.5308442740567711,0.0,100.0,697.9994627505096,0.008875729449655244
student_2,w0002_s01_pWOZ_r01.png,0.8342569682234876,100.11280752212947,0.008984603134283188,46801,983.06104,0.5311407686256392,0.0,100.0,725.3715437920141,0.008988069722782065
student_2,w0002_s01_pLND_r02.png,1.097648482734359,131.29907130048883,0.011757373731431467,61408,671.8415,0.5107030200536912,0.0,100.0,552.7611996853171,0.01176053217621499
student_2,w0002_s01_pLND_r03.png,1.0920941148179653,130.71626537873408,0.011615862640931162,62307,921.0072,0.5107166882839234,0.0,100.0,768.6338264633384,0.011619019784304824
student_2,w0002_s01_pLND_r01.png,1.1363333082039817,136.49877784431553,0.012327776577458224,65538,582.61554,0.5116444086585544,0.0,100.0,598.7807055453051,0.01233086755763794
student_5,w0005_s01_pLND_r03.png,2.248666363947594,270.4549122393539,0.020944519272477626,74197,530.3777,0.5129332966764261,0.0,100.0,377.61677981514435,0.020946579333897895
student_5,w0005_s01_pLND_r02.png,2.4252048747963912,291.29889024230414,0.022112593452663056,82835,421.39783,0.5346489900466572,0.0,100.0,326.0613120079496,0.022114516144561225
student_5,w0005_s01_pLND_r01.png,2.4778592915594415,296.1883831933717,0.0224632460714815,85157,424.6316,0.5442103033949981,0.0,100.0,242.79591789612192,0.022465138275325182
student_5,w0005_s01_pWOZ_r03.png,2.0142564649892134,241.9857328093658,0.018086014894302647,61192,786.8474,0.5404430946531639,0.0,100.0,391.2434439041237,0.018088424816753806
student_5,w0005_s01_pWOZ_r02.png,1.8695956597660568,223.04545766440964,0.017061945559045638,62095,577.8032,0.5401634949294425,0.0,100.0,429.25562360905656,0.017064476603669408
student_5,w0005_s01_pWOZ_r01.png,1.9228969736863768,226.8472936141481,0.01750322234696067,64092,513.8138,0.5366331491524508,0.0,100.0,365.6404857831665,0.017505687116679505
student_5,w0005_s01_pPHR_r02.png,0.35524399576138344,42.912274256210665,0.0032509044098698067,23717,763.16614,0.5106305537591669,0.0,100.0,748.9385767441394,0.0032550453009660666
student_5,w0005_s01_pPHR_r03.png,0.36846080115640717,44.58740624437808,0.0034324362944457313,19438,1280.6277,0.5291637761926513,0.0,100.0,968.875923715496,0.0034365793742285795
student_5,w0005_s01_pPHR_r01.png,0.38601205977037667,46.10503620388763,0.003429276909271255,22010,752.4431,0.5511399962783953,0.0,100.0,741.1949922449055,0.0034334203627315323
student_50,w0058_s01_pPHR_r02.png,0.20237264184690648,23.71442108320383,0.0020922522715159596,15979,1343.91,0.5623524959996365,0.0,100.0,1167.4412993808296,0.0020965538620509308
student_50,w0058_s01_pPHR_r03.png,0.19121744870702137,22.451373879762897,0.0019201522738995565,14054,1355.9293,0.5630811569981432,0.0,100.0,1172.4569288464288,0.0019244742196242598
student_50,w0058_s01_pPHR_r01.png,0.20502188694611284,24.191834415752258,0.0021642135015883185,16347,1000.1686,0.550645765456085,0.0,100.0,1267.1775285605756,0.0021684821912553143
student_50,w0058_s01_pWOZ_r03.png,1.0397510552814933,122.26431535730244,0.010453191130086302,48095,893.3143,0.5927800147291242,0.0,100.0,810.8702790058346,0.010456503827540733
student_50,w0058_s01_pWOZ_r02.png,1.100572355755869,128.88463690807788,0.010828983224410126,49821,708.3629,0.6126036344547215,0.0,100.0,568.7194198783023,0.010832251474918097
student_50,w0058_s01_pWOZ_r01.png,1.1270525882867202,132.5960677869597,0.011214850087798314,51736,606.3055,0.6008024155419152,0.0,100.0,563.784745052866,0.011218054391620954
student_50,w0058_s01_pLND_r03.png,1.4147723734372812,167.22796272787176,0.013868663181807751,57236,1035.335,0.585075122765671,0.0,100.0,554.9269972873361,0.013871571913064621
student_50,w0058_s01_pLND_r02.png,1.3731032640229455,161.63204853781917,0.013689509645456031,64421,390.88904,0.5840973389397178,0.0,100.0,612.8329405455873,0.013692422920843526
student_50,w0058_s01_pLND_r01.png,1.4120214560299715,166.38432126696227,0.013856007970561197,56770,792.5874,0.5967396917955787,0.0,100.0,560.8748607086968,0.01385890166517571
student_32,w0032_s01_pWOZ_r02.png,2.2067559847706617,264.58450319280945,0.019597596702816997,68739,784.2974,0.5420443231232985,0.0,100.0,395.20918923329435,0.019599827842380683
student_32,w0032_s01_pWOZ_r03.png,2.111130960973712,254.30578711362287,0.018846653754111462,64811,815.6366,0.5319750132354962,0.0,100.0,487.23712280657605,0.018848973711725177
student_32,w0032_s01_pWOZ_r01.png,1.7818297828489795,208.2520145031485,0.01573972381496067,66007,844.81464,0.5857751248957348,0.0,100.0,355.75314384725885,0.015742411245841505
student_32,w0032_s01_pPHR_r03.png,0.4451910250586641,53.703993999021506,0.0040314761423496034,25838,652.0513,0.515701071382642,0.0,100.0,768.4382603696929,0.004035548370476844
student_32,w0032_s01_pPHR_r02.png,0.45892282603904977,55.09224149725539,0.004001214972008022,23110,819.1124,0.5275425453330663,0.0,100.0,1211.5140206461592,0.004005290779286178
student_32,w0032_s01_pPHR_r01.png,0.4300599774990825,50.97525316096208,0.0038445782091095556,25051,768.00836,0.5468756249461528,0.0,100.0,767.3479588817579,0.00384867254265774
student_32,w0032_s01_pLND_r02.png,2.6320348332998185,315.3397566473857,0.024071964780133834,83977,467.5263,0.5251225774839188,0.0,100.0,334.76364317162086,0.024073666712187896
student_32,w0032_s01_pLND_r03.png,2.6530463212536572,319.2443304094868,0.02437597068809401,83427,634.00256,0.5142516509600623,0.0,100.0,341.3697937381361,0.02437763666373888
student_32,w0032_s01_pLND_r01.png,2.2567436029343546,263.9663387927683,0.02037887772256609,76790,748.419,0.563420827861484,0.0,100.0,349.715218963945,0.020381016455833373
student_35,w0035_s01_pLND_r03.png,3.320808450907638,406.53768944043435,0.031053622997472195,106598,237.59619,0.45315855026370944,11.86,88.14,153.9635035033725,0.03105449917136457
student_35,w0035_s01_pLND_r02.png,3.25406542309557,399.6876465519357,0.03049329790208681,102228,208.1929,0.4510499607187129,9.91,90.09,172.4696448917632,0.030494240348633378
student_35,w0035_s01_pLND_r01.png,3.1572814719024955,385.7792794179855,0.029685964624168344,105381,241.06027,0.46036699807845005,0.84,99.16,166.32565112520143,0.029687002558351612
student_35,w0035_s01_pPHR_r02.png,0.5032310295193567,61.60924311381079,0.004638924143756072,24347,1092.7117,0.4476579612505066,0.0,100.0,992.3067821999405,0.004642924525750296
student_35,w0035_s01_pPHR_r03.png,0.5283215297550399,64.78997101808147,0.0047579308080865825,23002,1099.781,0.4520456338877758,0.0,100.0,968.0618988473826,0.004761917114524355
student_35,w0035_s01_pPHR_r01.png,0.5004733402359478,61.048085626978185,0.004624745136458141,23560,1078.7179,0.4568077296318172,0.0,100.0,843.4495012888974,0.004628724459182072
student_35,w0035_s01_pWOZ_r03.png,2.584828940285994,317.5332079092775,0.024340523046252734,85913,378.80954,0.4655252434024975,11.700000000000001,88.3,270.35776001439274,0.02434219321448032
student_35,w0035_s01_pWOZ_r02.png,2.5448546202641844,311.8843209076074,0.023802294185086656,83779,423.99884,0.4589563098320805,0.0,100.0,272.9342232785885,0.023804028012528303
student_35,w0035_s01_pWOZ_r01.png,2.491581369901915,305.4505984707876,0.023264472044005072,82643,412.95914,0.4621810806048238,0.0,100.0,258.6943284178367,0.023266259271037825
student_34,w0034_s01_pLND_r02.png,2.128913704857819,253.9476542837601,0.01961713122566166,83985,475.46573,0.4902786455875817,0.0,100.0,222.04984526225581,0.01961936005477256
student_34,w0034_s01_pLND_r03.png,2.1211093036149657,253.3181959329814,0.019376007394650303,80864,443.8785,0.4999952376249765,0.0,100.0,209.1856475972492,0.019378251918436677
student_34,w0034_s01_pLND_r01.png,1.8945766843116825,225.26568261509007,0.017591898273329312,71504,646.8571,0.49226731341154806,0.0,100.0,328.4852925108782,0.01759435261445565
student_34,w0034_s01_pPHR_r03.png,0.33715578743397046,40.38637013224389,0.00313276977043479,27546,857.76843,0.49619465391887146,0.0,100.0,684.3799517573166,0.003136948293384617
student_34,w0034_s01_pPHR_r02.png,0.3185571810484727,38.16706348850709,0.0029631319524418454,24651,950.7742,0.4898838343266347,0.0,100.0,698.9497478359942,0.0029673066865641916
student_34,w0034_s01_pPHR_r01.png,0.31532362200072583,38.06997088363738,0.0028884303969859753,26160,965.7534,0.5020441024590888,0.0,100.0,736.3616846443363,0.0028926139162669586
student_34,w0034_s01_pWOZ_r02.png,1.6344615739154738,195.51379609545873,0.015233222004327347,72115,595.0918,0.5008770396238914,0.0,100.0,303.7848727123997,0.015235953733857057
student_34,w0034_s01_pWOZ_r03.png,1.648617733774851,196.2972495061186,0.015307272770057364,72859,535.02057,0.5036981166078663,0.0,100.0,249.12778161114312,0.015309995790963538
student_34,w0034_s01_pWOZ_r01.png,1.616647194428806,192.6818697221461,0.015030566569577537,69611,612.94055,0.5000132424665951,0.0,100.0,317.7144459035542,0.015033322132080097
student_33,w0033_s01_pWOZ_r03.png,2.2972797729838588,278.53019586713987,0.021377840577815613,76878,577.3534,0.4996896539229862,0.0,100.0,328.79403453648064,0.021379861158388323
student_33,w0033_s01_pWOZ_r02.png,2.344403201211003,284.05476499921144,0.021450408465551636,82084,532.79016,0.5056768798397133,0.0,100.0,262.748962210809,0.021452420463131068
student_33,w0033_s01_pWOZ_r01.png,2.369174486699465,286.97799962581894,0.021727535309996444,81711,495.93008,0.4909635576117432,0.0,100.0,337.01504841348384,0.021729514530297686
student_33,w0033_s01_pPHR_r02.png,0.4516103194702957,54.25384387433862,0.004153897357033074,23117,1157.7065,0.4909408266409627,0.0,100.0,723.906319906105,0.00415795510574668
student_33,w0033_s01_pPHR_r03.png,0.44678334469092107,53.72789063418024,0.003979985819479016,22310,1169.2206,0.486213901331442,0.0,100.0,738.8860805293331,0.003984064137642898
student_33,w0033_s01_pPHR_r01.png,0.47379056257886343,56.936890157330716,0.004349107463911647,22141,1152.8151,0.4752634794727907,0.0,100.0,586.7393446784952,0.004353142124078954
student_33,w0033_s01_pLND_r03.png,2.9640474559157624,358.60903410889466,0.02713135789595862,95107,381.62955,0.4826119990741153,3.19,96.81,203.15030261987172,0.02713269797718061
student_33,w0033_s01_pLND_r02.png,3.042951283085716,368.46563221608534,0.02781858410957211,97396,371.87158,0.4817860699685404,4.02,95.98,178.00631184158564,0.027819835757436483
student_33,w0033_s01_pLND_r01.png,2.92608070123326,352.1083163210299,0.026744224063573286,94412,387.64627,0.4842717048485454,1.4200000000000002,98.58,213.22659869592647,0.026745609933189925
student_41,w0041_s01_pLND_r02.png,3.912094184801998,454.4991918569389,0.031148115175898262,98585,389.12753,0.6166004748129578,0.0,100.0,211.98166481747225,0.031148969294489202
student_41,w0041_s01_pLND_r03.png,3.8269093504639544,447.34914090544123,0.030558204753529043,93094,574.0444,0.6139320277149231,0.0,100.0,283.4108535525013,0.030559127766458388
student_41,w0041_s01_pLND_r01.png,3.591038914673331,422.99568463968706,0.02941799191172137,95850,496.14502,0.6142771067792627,0.0,100.0,225.89464784957462,0.029419048087596135
student_41,w0041_s01_pWOZ_r02.png,3.216494478090488,374.5519899892388,0.02537071910074076,78971,674.62286,0.6193380465441671,0.0,100.0,298.8764660637552,0.02537224794868925
student_41,w0041_s01_pWOZ_r03.png,3.415224090888272,401.21838946268355,0.0271554799726701,81983,524.5932,0.593377182518448,0.0,100.0,292.7100731761302,0.027156855907742375
student_41,w0041_s01_pWOZ_r01.png,3.1943019943019944,373.51912077402085,0.025597654973004074,83359,596.024,0.6183036600472201,0.0,100.0,315.27980404508895,0.02559915731761208
student_41,w0041_s01_pPHR_r03.png,0.6530060476698684,76.84757375311696,0.005162294733758101,22014,1224.1005,0.6170460524910417,0.0,100.0,629.9818480630128,0.005166183679060636
student_41,w0041_s01_pPHR_r02.png,0.5992182027068681,70.9076158345207,0.004816706826597897,21226,1242.6101,0.579506611455609,0.0,100.0,740.318604631571,0.004820660998451605
student_41,w0041_s01_pPHR_r01.png,0.6968605066000714,81.34846546569415,0.005530133985938783,24726,1139.7986,0.6164179742318417,0.0,100.0,665.9184759913684,0.005533979972105563
student_15,w0015_s01_pLND_r03.png,3.4010495532789786,394.5897161270939,0.02991284063313385,97042,463.77,0.5558906959896793,0.0,100.0,237.2613540241619,0.029913851733474748
student_15,w0015_s01_pLND_r02.png,3.1745229083172006,365.76227052903806,0.02779885190654733,92892,523.4105,0.565200586727466,0.0,100.0,266.05279194162625,0.027800113039672756
student_15,w0015_s01_pLND_r01.png,3.2471131385252767,374.61580401356764,0.028234502720363167,95352,465.53708,0.5477341502587467,0.0,100.0,247.97571590514735,0.028235712326730344
student_15,w0015_s01_pPHR_r02.png,0.479888566200389,55.79924780125388,0.00446539997078384,24115,1206.4023,0.5725371009897001,0.0,100.0,941.9631391702945,0.004469420876412653
student_15,w0015_s01_pPHR_r03.png,0.4893732504612501,56.46031516854112,0.004322700069602911,28878,458.9657,0.5519456260958393,0.0,100.0,948.6020855272598,0.0043267378531143715
student_15,w0015_s01_pPHR_r01.png,0.4645356231851734,53.87536801758395,0.004047988297283437,24108,1187.215,0.5620541924460652,0.0,100.0,784.544737057387,0.004052058572429556
student_15,w0015_s01_pWOZ_r03.png,2.603316770927835,300.4879861517793,0.02287175317538024,82628,288.15262,0.5620202830205211,0.0,100.0,359.46638451630247,0.022873597062897825
student_15,w0015_s01_pWOZ_r02.png,2.497175927049202,286.39950256998566,0.02164770307967732,80610,400.3906,0.5661190842616108,0.0,100.0,321.50311040486065,0.0216496917421646
student_15,w0015_s01_pWOZ_r01.png,2.544593466003779,295.41894525863415,0.022291193550378376,82977,442.5143,0.5596049116017449,0.0,100.0,281.1988968538759,0.022293095238293675
student_12,w0012_s01_pWOZ_r02.png,1.1100240882569323,126.58469512554663,0.011509684566379087,71845,548.7331,0.5783202152232105,0.0,100.0,234.56995060833145,0.011512872306688578
student_12,w0012_s01_pWOZ_r03.png,1.1361870850490883,129.69402452077566,0.011517784357943008,75226,581.7804,0.5720072906410455,0.0,100.0,244.1951248063852,0.01152097114024671
student_12,w0012_s01_pWOZ_r01.png,1.0695451695618068,122.77899458357605,0.01111101691278691,66929,654.4416,0.5699936741558597,0.0,100.0,272.35420579211825,0.011114251805657943
student_12,w0012_s01_pPHR_r03.png,0.22738135203246834,25.923974525221144,0.0023087745772128907,24175,952.6581,0.546993215247651,0.0,100.0,761.0602253873649,0.002313050558493506
student_12,w0012_s01_pPHR_r02.png,0.24241511919315273,27.99067976077544,0.0024421999781136104,26168,729.1208,0.5734792516173182,0.0,100.0,693.1379837108985,0.0024464601784564685
student_12,w0012_s01_pPHR_r01.png,0.2279930758787339,26.201649366289878,0.002212049936283676,20634,1138.3867,0.5204532522438367,0.0,100.0,753.1076358072005,0.002216337357706331
student_12,w0012_s01_pLND_r02.png,1.3292861148269806,152.48056509467648,0.013209708304273387,75549,387.98404,0.580638682706548,0.0,100.0,233.9238574702247,0.013212694973657757
student_12,w0012_s01_pLND_r03.png,1.462955570221876,166.95125143419824,0.014912973204001062,83794,526.14246,0.5757000452781763,0.0,100.0,213.93861528894098,0.014915758419110721
student_12,w0012_s01_pLND_r01.png,1.4547957131654712,169.20606702112977,0.014885015751794203,86887,477.84167,0.5508114818171019,0.0,100.0,149.48162794613123,0.014887804273581677
student_24,w0024_s01_pLND_r02.png,2.59871354129585,306.20336590973653,0.02447042678452562,99350,389.1988,0.5934329282121836,0.0,100.0,274.52463881279687,0.02447208158834138
student_24,w0024_s01_pLND_r03.png,2.667413139510797,313.89411281911384,0.025203533994658904,100753,480.36743,0.597719345010294,0.0,100.0,234.94911968972175,0.025205102089953087
student_24,w0024_s01_pLND_r01.png,2.47471082818942,292.3262452763029,0.0239918312959098,93227,379.87796,0.5759755240635495,0.0,100.0,385.6615498399221,0.023993542705780815
student_24,w0024_s01_pWOZ_r02.png,2.157417903136783,254.64458318471054,0.019985664929584594,85030,570.9098,0.6018442006335079,0.0,100.0,291.9565076985123,0.019987850170237794
student_24,w0024_s01_pWOZ_r03.png,2.121101722080367,249.49716494897527,0.01974678230531307,84423,582.3302,0.6138878377848876,0.0,100.0,323.67689940293945,0.019748995799895433
student_24,w0024_s01_pWOZ_r01.png,2.110241268051531,249.09375004744382,0.019832383352881188,82059,443.96964,0.5905687935013699,0.0,100.0,418.6261101140302,0.019834586722968554
student_24,w0024_s01_pPHR_r03.png,0.4340510913446142,50.793716948763354,0.004057459261774442,26997,834.65704,0.5977657203351249,0.0,100.0,986.7484785901622,0.004061528416738795
student_24,w0024_s01_pPHR_r02.png,0.4259037320234682,49.895293946135595,0.004007254414688552,24128,1161.8369,0.5988335281956401,0.0,100.0,1066.1296825433574,0.00401132950764943
student_24,w0024_s01_pPHR_r01.png,0.4214717285188485,49.17986916537746,0.00384827245835333,24177,1194.7883,0.5934692489771592,0.0,100.0,1076.7992791138004,0.003852366354962843
student_23,w0023_s01_pPHR_r02.png,0.6010027857039277,71.47883367617389,0.005241637534380179,29204,557.1377,0.5538350107727825,0.0,100.0,686.9451852222272,0.005245566630229197
student_23,w0023_s01_pPHR_r03.png,0.647542140680208,76.8167870344679,0.005700892629846459,31187,655.5893,0.5599278807980733,0.0,100.0,490.142234670651,0.00570476740713224
student_23,w0023_s01_pPHR_r01.png,0.5624146061968355,66.65019942588147,0.00496802680845708,29827,793.71844,0.5433787290525492,0.0,100.0,703.6390415734805,0.004971988265714093
student_23,w0023_s01_pWOZ_r03.png,3.0337901838083234,359.0274474001869,0.027241013847837028,93333,555.0655,0.5834370775916324,0.0,100.0,178.60957631639843,0.02724234095946148
student_23,w0023_s01_pWOZ_r02.png,2.9119134594909695,345.935801490167,0.026675854974258208,90685,587.4074,0.5740280148078989,0.0,100.0,197.64571271621867,0.02667724893025372
student_23,w0023_s01_pWOZ_r01.png,2.5649015671282496,303.11947368961916,0.02336257961008097,79194,677.56647,0.570261268246054,0.0,100.0,278.9110584835665,0.0233643654449237
student_23,w0023_s01_pLND_r03.png,3.7087496711496692,439.3759103962514,0.03313590148071819,103978,427.7512,0.5597484906536522,0.0,100.0,174.2058684462529,0.033136531372366586
student_23,w0023_s01_pLND_r02.png,3.419716219402695,406.05687541982263,0.031240571979099876,95574,509.95334,0.5487506338633027,0.0,100.0,199.07726369531812,0.031241426041533543
student_23,w0023_s01_pLND_r01.png,2.8591996802915363,337.78688776025143,0.02633200981682101,90642,672.13904,0.5574191680963901,0.0,100.0,256.6369490155305,0.026333444441227413
student_40,w0040_s01_pLND_r03.png,2.832299465240642,340.47130322176406,0.025424615317484165,91891,633.85474,0.5817424594723563,0.0,100.0,354.22724461622425,0.02542613787101226
student_40,w0040_s01_pLND_r02.png,2.6726623840114203,324.05823609935175,0.024148629842185385,88804,613.952,0.5862307336577706,0.0,100.0,385.09615682320174,0.0241503014152456
student_40,w0040_s01_pLND_r01.png,2.771398002853067,332.90230803956854,0.024724852147933435,89910,620.175,0.5650922118390107,0.0,100.0,304.1241522799529,0.024726456425260224
student_40,w0040_s01_pWOZ_r03.png,2.3203994293865904,281.62124705840245,0.020496151763573618,81057,718.6693,0.6024982343688746,0.0,100.0,380.24473113450966,0.02049824990150067
student_40,w0040_s01_pWOZ_r02.png,2.180733618233618,262.9314934106424,0.019481913095484887,79042,751.71387,0.5947107442896283,0.0,100.0,379.28898955809404,0.019484129684111184
student_40,w0040_s01_pWOZ_r01.png,2.2425410421127765,272.99936396787507,0.019963620054410287,78251,703.9048,0.5993024371136615,0.0,100.0,418.37537652050025,0.019965780385542257
student_40,w0040_s01_pPHR_r02.png,0.45984308131241086,55.38881591691115,0.00423126019197122,23964,1242.2222,0.5833188111099952,0.0,100.0,897.8928393858636,0.004235257870746425
student_40,w0040_s01_pPHR_r03.png,0.4384450784593438,53.16895103351527,0.004011825164218831,25419,1149.5541,0.5909063653095132,0.0,100.0,734.3536001137328,0.004015848470327418
student_40,w0040_s01_pPHR_r01.png,0.43082411701748125,52.77156277560533,0.003922743810986387,24436,1128.4662,0.6278572754363508,0.0,100.0,890.292835719424,0.003926777520709934
student_49,w0049_s01_pWOZ_r02.png,1.9027198559130332,220.59530420522725,0.01698389901533957,75908,420.57034,0.600731252461284,0.0,100.0,268.93622716190333,0.016986439290946648
student_49,w0049_s01_pWOZ_r03.png,1.8972826433754957,218.81996308966364,0.016553954487806596,75293,444.9837,0.6110117231273795,0.0,100.0,280.5061896378186,0.01655654561525884
student_49,w0049_s01_pWOZ_r01.png,1.950951338711517,224.85007246915282,0.016945347640690927,82350,297.87198,0.5848583988680531,0.0,100.0,239.9968359423253,0.016947892475975845
student_49,w0049_s01_pPHR_r03.png,0.43187767843927705,50.16743318653388,0.003735880860426186,29766,615.4864,0.5987753163470504,0.0,100.0,747.3250073874597,0.003739988050192769
student_49,w0049_s01_pPHR_r02.png,0.3991658679194411,45.73297509075505,0.003304727705798975,22331,1104.7079,0.589397916966879,0.0,100.0,831.4243249768829,0.003308885890361535
student_49,w0049_s01_pPHR_r01.png,0.39618414422690085,45.47108005443831,0.0034006897539811324,27689,489.7886,0.5920106586671384,0.0,100.0,811.4498236653518,0.003404836588597586
student_49,w0049_s01_pLND_r02.png,2.3276452187960515,268.85853653460566,0.020286950318728007,89506,346.36743,0.581329160395545,0.0,100.0,222.89966740306065,0.020289099924742367
student_49,w0049_s01_pLND_r03.png,2.412638849671299,279.94874125280575,0.021299450524883762,95863,314.32803,0.5859618537317607,4.15,95.85000000000001,187.79979563696455,0.021301480377068457
student_49,w0049_s01_pLND_r01.png,2.372124101563911,279.27838815010284,0.02068211361263912,93139,278.81958,0.5663113967930782,10.69,89.31,228.30978923732482,0.020684216480571352
student_22,w0022_s01_pPHR_r03.png,0.7979757655755686,93.85080820697675,0.0066576158624080065,26252,1075.4442,0.518921315332901,0.0,100.0,497.02980834703214,0.006661377482905934
student_22,w0022_s01_pPHR_r02.png,0.6919921784811076,80.26396597528519,0.005826589932900212,23751,1149.7736,0.5075476976592468,0.0,100.0,929.2051711005487,0.005830449843291815
student_22,w0022_s01_pPHR_r01.png,0.565067797499581,66.2649445249546,0.004743400170885789,24526,1230.9186,0.5260301407466325,0.0,100.0,1019.9001127561463,0.004747388195939954
student_22,w0022_s01_pWOZ_r02.png,3.366454686615337,393.6336388340495,0.028294052900108863,85886,614.71234,0.5297736193549154,0.0,100.0,329.766251475564,0.028295255463156897
student_22,w0022_s01_pWOZ_r03.png,3.787470202275274,444.2070943214437,0.03167624313381888,91673,388.702,0.5280002674142539,0.0,100.0,226.17526006150382,0.03167704566708847
student_22,w0022_s01_pWOZ_r01.png,2.802400116307059,329.7808531529794,0.02388366384345144,69229,820.1343,0.5294975877652005,0.0,100.0,639.1311993636361,0.023885388046867188
student_22,w0022_s01_pLND_r02.png,3.589540170262106,419.9931895853748,0.03072846608445269,92000,474.25378,0.5273877980245335,0.0,100.0,295.53827057956914,0.030729380716397067
student_22,w0022_s01_pLND_r03.png,4.870293377676609,570.9619797922127,0.04139677809302183,120611,207.16096,0.5149879848024708,4.73,95.27,114.13808227822332,0.04139643092648822
student_22,w0022_s01_pLND_r01.png,3.9783880834842233,466.8657116562885,0.03444142318190811,106946,346.91446,0.535805611587226,1.8399999999999999,98.16,172.99648455572458,0.034441898662503086
student_25,w0025_s01_pLND_r03.png,3.994789918530498,470.8342082641845,0.03516094079455807,113887,297.13553,0.4829560018552383,9.19,90.81,182.65306071776942,0.03516133117394605
student_25,w0025_s01_pLND_r02.png,4.014868225036687,472.7928206137872,0.0355775140638084,117429,260.16733,0.47028948397170584,3.9800000000000004,96.02000000000001,168.83596322174554,0.035577853234950066
student_25,w0025_s01_pLND_r01.png,4.137293741121587,489.2856142449564,0.03681423356072827,120272,265.47388,0.4659863050166383,4.8500000000000005,95.15,180.14921859362812,0.03681442839631379
student_25,w0025_s01_pWOZ_r03.png,3.4707524410609247,402.2045716438236,0.02984613284225964,96870,296.10086,0.48269054057197924,0.0,100.0,247.13082794723053,0.02984715183248874
student_25,w0025_s01_pWOZ_r02.png,3.2527818952378964,382.096701436457,0.028612861939993562,92948,493.21255,0.4946749522392889,0.0,100.0,301.11054651820115,0.0286140267957866
student_25,w0025_s01_pWOZ_r01.png,3.201013613307789,373.80396399069235,0.02804184695022584,93738,452.0436,0.4815401565069913,0.0,100.0,250.2724829939253,0.028043072341615887
student_25,w0025_s01_pPHR_r02.png,0.67509123998752,78.62488754445855,0.005819113240199387,27569,822.577,0.49076907575347706,0.0,100.0,730.2124622327395,0.005822974034899535
student_25,w0025_s01_pPHR_r03.png,0.7497872269518459,87.90524118506907,0.006433848410916465,28638,609.39923,0.4795500516746684,0.0,100.0,850.6430700670295,0.006437636497590999
student_25,w0025_s01_pPHR_r01.png,0.6371143620969454,75.13037211654866,0.005643904400345922,29633,740.0165,0.474832621600466,0.0,100.0,735.9959850433969,0.00564776386645167
student_13,w0013_s01_pWOZ_r03.png,2.4227468262677525,290.0431697392713,0.021824336995651117,81883,467.07465,0.5080716828946957,0.0,100.0,264.02009690598925,0.02182630476669782
student_13,w0013_s01_pWOZ_r02.png,2.371801009451641,284.6221590850378,0.021544591444216856,81669,501.18164,0.5003214972349,0.0,100.0,285.7656600905587,0.021546592302270275
student_13,w0013_s01_pWOZ_r01.png,2.4717398761435967,297.80451390579634,0.022845651400333396,88635,299.6803,0.5009085305653231,0.0,100.0,232.1021829370646,0.022847498375047903
student_13,w0013_s01_pPHR_r02.png,0.4559855761197128,55.03913208240781,0.004253429076510711,25599,649.95526,0.4919290883933698,0.0,100.0,682.1507552532373,0.004257475053074042
student_13,w0013_s01_pPHR_r03.png,0.48176944142679595,57.30057960451017,0.004129533612671824,23710,1108.154,0.5094364069748419,0.0,100.0,627.6032844505047,0.004133594243016144
student_13,w0013_s01_pPHR_r01.png,0.4913650882175795,58.80317241364198,0.004348210852639925,25547,1070.933,0.4985151590807015,0.0,100.0,649.1255656650723,0.0043522456188542545
student_13,w0013_s01_pLND_r03.png,3.030297018042392,364.7476208375425,0.027545776014764427,105607,235.09383,0.48881418720577885,5.36,94.64,145.36401755592752,0.02754706708053288
student_13,w0013_s01_pLND_r02.png,2.998156403381873,362.1237099558329,0.02761573577589528,103637,256.8917,0.49196120614101985,5.0,95.0,146.2713327706559,0.027617018567147576
student_13,w0013_s01_pLND_r01.png,2.9354123122975975,354.70721869079915,0.027243802138898217,98138,368.73288,0.48643822190799035,1.08,98.92,217.68340323325037,0.027245128920736526
student_9,w0009_s01_pPHR_r01.png,0.6541078906169494,79.51141544522848,0.005957690795210448,27676,824.39496,0.5597014574360634,0.0,100.0,616.3077883175163,0.0059614917650821055
student_9,w0009_s01_pPHR_r03.png,0.6224028905684622,73.27126849035099,0.005456666543870372,25682,1115.8746,0.6100889011056922,0.0,100.0,807.9990621126982,0.005460548029788987
student_9,w0009_s01_pPHR_r02.png,0.6480381715029938,77.55385728477229,0.005712754990649546,31397,463.57925,0.5743558219408085,0.0,100.0,706.1505236020654,0.005716628364910294
student_9,w0009_s01_pWOZ_r01.png,2.9796428529349224,360.15819044926945,0.026820720160749344,90843,321.72806,0.6106090093784614,0.0,100.0,229.5067108657391,0.02682208916082995
student_9,w0009_s01_pWOZ_r02.png,3.0369082298922594,364.84790802803855,0.02712249472486578,95162,282.7066,0.6080779994872948,0.0,100.0,225.72835622886444,0.02712382823522462
student_9,w0009_s01_pWOZ_r03.png,2.9253581726199465,349.8374332472421,0.026425368216318367,94805,304.69598,0.6157374786037891,7.359999999999999,92.64,205.37464073140956,0.026426783711140992
student_9,w0009_s01_pLND_r01.png,3.5322442228381385,424.17322794886235,0.032625551300056156,113271,233.02725,0.5828048859396512,2.83,97.17,164.01552334088953,0.03262623763212389
student_9,w0009_s01_pLND_r02.png,3.6537185824770964,437.12506118367867,0.03250969970915731,109364,277.2599,0.5805794673893748,5.4399999999999995,94.56,173.24290104194893,0.032510403665047705
student_9,w0009_s01_pLND_r03.png,3.7782837761945265,452.0780467356245,0.03408247461875817,115034,212.66318,0.5802837174179771,10.34,89.66,146.88979305365254,0.034082992554124836
student_6,w0006_s01_pWOZ_r01.png,2.0587912298830906,252.8249048869683,0.019563640037833407,72981,614.4767,0.5698303377311925,0.0,100.0,486.0582433381364,0.019565862495378644
student_6,w0006_s01_pWOZ_r03.png,2.041819554998327,250.6426771378926,0.019579264018568247,76409,747.3148,0.5748145416979465,0.0,100.0,431.55466339735,0.01958149732643682
student_6,w0006_s01_pWOZ_r02.png,2.1040992449518403,257.7468459499275,0.01989287440222141,72291,739.29095,0.5681454268525877,0.0,100.0,564.8567433392892,0.019895058140678372
student_6,w0006_s01_pPHR_r01.png,0.47943469546078427,58.904586562911796,0.0045615415211056574,28162,550.401,0.5625614922098761,0.0,100.0,656.9440731950647,0.00456552827679111
student_6,w0006_s01_pPHR_r02.png,0.4214776535971379,51.38401209516108,0.003885517909887371,23063,1241.2579,0.5481403140163883,0.0,100.0,944.8085637959799,0.003889584168263643
student_6,w0006_s01_pPHR_r03.png,0.4087724965956072,49.488000219375905,0.003851843315685132,20812,1127.2003,0.5426015677934602,0.0,100.0,1031.3700790695839,0.0038559367899501967
student_6,w0006_s01_pLND_r01.png,2.612918950693691,320.6638894473124,0.0249074143512666,84156,689.36304,0.5511781994264806,0.0,100.0,370.1486367847509,0.024909008362659957
student_6,w0006_s01_pLND_r03.png,2.65138342898317,325.4375669837319,0.025488053115982377,84942,653.1377,0.5503040720602275,0.0,100.0,434.0997445694873,0.025489587559674134
student_6,w0006_s01_pLND_r02.png,2.662102774813896,325.8240014044857,0.024881372923093174,80478,695.1448,0.5610204721932283,0.0,100.0,372.7414117052196,0.024882979122105117
student_1,w0001_s01_pLND_r01.png,2.8494280522245616,329.6080501473841,0.026079727744446047,100303,380.56708,0.5840030446310922,6.710000000000001,93.28999999999999,174.7004500433933,0.026081192207606203
student_1,w0001_s01_pLND_r02.png,3.2250842566819937,374.74841486161296,0.029122788035635092,103363,333.02792,0.5957750917708508,3.3000000000000003,96.7,154.65917762774313,0.02912389257973394
student_1,w0001_s01_pLND_r03.png,3.361697930225524,393.1548158963002,0.030316133949811298,112013,232.30447,0.5966127002602472,0.0,100.0,121.86280486627798,0.030317091877264935
student_1,w0001_s01_pPHR_r01.png,0.516010195211289,60.45030056910136,0.004554462995992686,24054,1147.827,0.6019085017538409,0.0,100.0,747.0677947817052,0.004558450584136923
student_1,w0001_s01_pPHR_r03.png,0.5136681120847422,59.622930333326345,0.004608331466444157,27489,861.1336,0.6063959001559726,0.0,100.0,663.3845172684386,0.004612335466798402
student_1,w0001_s01_pPHR_r02.png,0.5342628998565029,62.333941815379866,0.004709155151512415,27132,668.47107,0.6022559987504374,0.0,100.0,675.7755483264959,0.004713124547329626
student_1,w0001_s01_pWOZ_r01.png,2.3142709672486057,268.8585660851047,0.02092537670627549,86387,461.16986,0.60231973118463,0.0,100.0,204.06622623883166,0.020927439018927067
student_1,w0001_s01_pWOZ_r02.png,2.665771812648574,311.23721025004676,0.023814420645720282,89199,449.94437,0.5961392543671636,0.0,100.0,193.2149666390607,0.023816153038900396
student_1,w0001_s01_pWOZ_r03.png,2.545346940555259,296.9300395133781,0.022981419957364465,91367,449.7225,0.6015216254471172,0.0,100.0,172.97890950574353,0.02298325087400357
student_36,w0036_s01_pPHR_r01.png,0.5282855331937701,65.1586672229347,0.004947997280107685,24501,1092.8945,0.5343529940601212,0.0,100.0,782.1486431618993,0.004951961106364439
student_36,w0036_s01_pPHR_r02.png,0.553358194580677,68.2301894424628,0.005133641623677514,25352,1026.8639,0.532226268385013,0.0,100.0,756.7725777107678,0.005137583492782098
student_36,w0036_s01_pPHR_r03.png,0.5202942965919021,63.98363045462455,0.004918419306148699,23378,1073.4578,0.5382133724944085,0.0,100.0,706.1831207271949,0.004922386630751067
student_36,w0036_s01_pWOZ_r01.png,2.2869914787695076,280.1688635379679,0.021130796229836005,78176,558.42944,0.5545844934751774,0.0,100.0,358.881680978325,0.021132846029668712
student_36,w0036_s01_pWOZ_r03.png,2.4796046189595446,303.8006821194679,0.02264637227408687,82036,517.5943,0.5480491475038787,0.0,100.0,328.8343958854599,0.02264824281861242
student_36,w0036_s01_pWOZ_r02.png,2.386982431883809,293.20010305085776,0.02204567289662657,82017,520.77496,0.556585280347708,0.0,100.0,348.3864083258313,0.02204761448908919
student_36,w0036_s01_pLND_r01.png,2.991355519618114,368.22065768899415,0.028299471030700497,94656,435.11215,0.53619076716705,0.0,100.0,256.11532139104776,0.028300672952917168
student_36,w0036_s01_pLND_r03.png,3.0826203963547187,378.41139681949994,0.02874165142267923,101460,337.3465,0.5301530525653954,9.09,90.91,204.17113940678948,0.028742801045849416
student_36,w0036_s01_pLND_r02.png,2.9874651220347372,367.7971490790026,0.027761131672049858,99855,359.2724,0.5355419752633176,12.21,87.79,207.99922291848563,0.02776239726654972
student_31,w0031_s01_pLND_r01.png,2.1065296696629283,242.78718258223176,0.019420006304277686,82420,533.7683,0.5293751621505346,0.0,100.0,238.56424374410074,0.01942225844841027
student_31,w0031_s01_pLND_r02.png,2.2489931550068394,255.55320948995978,0.020095698914371903,81639,561.9479,0.5165032306451501,0.0,100.0,245.11933500860704,0.020097871140715585
student_31,w0031_s01_pLND_r03.png,2.2452997386059663,253.05691950916747,0.019641172354758967,84983,471.90247,0.524029593472804,0.0,100.0,195.6111304953106,0.019643398340396592
student_31,w0031_s01_pWOZ_r01.png,1.9644706686059323,224.11959998087642,0.017492735519430837,71590,592.5702,0.5301709891059208,0.0,100.0,276.3314782513497,0.017495215612215564
student_31,w0031_s01_pWOZ_r02.png,1.8220734517354118,205.1900143971963,0.015881717750131558,71510,467.62756,0.5169367462590326,0.0,100.0,280.39077894907246,0.01588438838662813
student_31,w0031_s01_pWOZ_r03.png,1.8774252107024896,211.72087027559783,0.016540872526154344,75017,304.96323,0.5129630016627846,0.0,100.0,237.6761043006965,0.016543465200880358
student_31,w0031_s01_pPHR_r01.png,0.5189718331824639,59.31238547143903,0.004654838657928194,26874,729.8226,0.5235769754178118,0.0,100.0,485.94658858409707,0.004658837157627474
student_31,w0031_s01_pPHR_r03.png,0.4089976226770299,46.263063461982554,0.003623206647101178,25391,754.6027,0.54111952619006,0.0,100.0,633.5231903040814,0.0036273271634512704
student_31,w0031_s01_pPHR_r02.png,0.4643491118417526,52.15530417206923,0.003887930897648238,23172,1023.1864,0.5075009745560543,0.0,100.0,838.7327867086155,0.003892020103641438
student_38,w0038_s01_pWOZ_r01.png,4.859477030115174,592.4142664857405,0.04269412647193749,108317,271.16736,0.5152497320633568,7.969999999999999,92.03,161.10273347877418,0.04269362870509862
student_38,w0038_s01_pWOZ_r03.png,4.678490861683621,569.1880486362721,0.04115166345727852,106112,341.68466,0.529710711638629,11.84,88.16000000000001,222.6558957633695,0.04115134528176748
student_38,w0038_s01_pWOZ_r02.png,4.405399339714252,537.0597292847095,0.03875101173130582,97600,363.29245,0.5288326796548802,0.0,100.0,278.35473944121685,0.03875097749374969
student_38,w0038_s01_pPHR_r01.png,0.889464846070939,108.55618058252841,0.007871310760956518,27654,1054.0077,0.5152679169773186,0.0,100.0,830.9811265324029,0.00787490827644948
student_38,w0038_s01_pPHR_r02.png,0.9093143093763099,109.82904833052365,0.007823302674370428,29135,1098.6776,0.523978022050625,0.0,100.0,741.5402888582656,0.007826905835778712
student_38,w0038_s01_pPHR_r03.png,0.9273013834272368,113.11424915307488,0.008137615080076911,28322,1040.2405,0.5019486057187887,0.0,100.0,744.0571629440813,0.008141201653129771
student_38,w0038_s01_pLND_r01.png,5.888862987672941,719.446285831606,0.05208050696869901,130040,120.359055,0.5165343026211695,8.52,91.47999999999999,92.03058626817644,0.052078905331382604
student_38,w0038_s01_pLND_r03.png,5.672260550493917,692.7743369392211,0.05028199710072735,123135,170.55566,0.523585493674222,10.9,89.1,115.83450526276512,0.05028059903168812
student_38,w0038_s01_pLND_r02.png,5.959482515544128,728.3433520699161,0.052908743665542254,129247,171.51561,0.5219614595681324,10.65,89.35,111.03442912185642,0.05290704462475511
student_30,w0030_s01_pLND_r01.png,1.447010067223392,172.29368631416563,0.014453044054606144,54680,970.0909,0.4828439431702589,0.0,100.0,548.6192006699638,0.014455883668003015
student_30,w0030_s01_pLND_r03.png,1.8402010217839546,219.30642265061212,0.017497590810019996,64310,823.144,0.4774992740483264,0.0,100.0,439.2288603171895,0.017500070328543463
student_30,w0030_s01_pLND_r02.png,1.8304646099146662,218.11737759987201,0.016971511573782325,65098,584.58295,0.47832571071655067,0.0,100.0,437.46130171235467,0.016974053314518553
student_30,w0030_s01_pWOZ_r01.png,1.2229046986818548,145.70726127357725,0.011742449351103294,46593,1010.2145,0.48650356144556023,0.0,100.0,506.91853388882913,0.01174560956107332
student_30,w0030_s01_pWOZ_r03.png,1.3188087585648078,155.99832969039102,0.012506104415986572,52648,662.3074,0.47981354325262726,0.0,100.0,466.91030083405025,0.012509174304376411
student_30,w0030_s01_pWOZ_r02.png,1.3300331854953387,157.7983397586611,0.012530924859860184,49873,897.07336,0.4831799429945451,0.0,100.0,598.0320883516409,0.012533991812603005
student_30,w0030_s01_pPHR_r01.png,0.2723721027860989,32.58732733444196,0.002556902289720317,15787,1304.7686,0.4660256549471133,0.0,100.0,980.1023330924855,0.002561148923605605
student_30,w0030_s01_pPHR_r02.png,0.2524974750747091,30.02154731829655,0.0024046333568615253,17325,1307.3759,0.47751542308768496,0.0,100.0,866.288022253569,0.002408898000410157
student_30,w0030_s01_pPHR_r03.png,0.25662215170346864,30.46497906282755,0.002450493477060236,17616,1270.0688,0.4728890431454303,0.0,100.0,808.146163897486,0.0024547526964864936
